Crop years,1990/91,1991/92,1992/93,1993/94,1994/95,1995/96,1996/97,1997/98,1998/99,1999/00,2000/01,2001/02,2002/03,2003/04,2004/05,2005/06,2006/07,2007/08,2008/09,2009/10,2010/11,2011/12,2012/13,2013/14,2014/15,2015/16,2016/17,2017/18,2018/19
Angola,210,161,136,111,96,36,40,40,10,10,5,15,5,30,40,35,40,40,40,40,20,20,10,5,5,5,5,5,5
Bolivia (Plurinational State of),54,40,33,25,11,13,14,2,1,5,6,6,0,0,0,0,0,0,0,0,0,0,0,0,0,0,0,0,0
Brazil,"26,926","25,548","22,625","28,921","29,227","32,161","26,361","27,298","26,594","30,070","43,762","43,295","37,303","42,292","32,056","28,923","14,855","18,470","12,227","15,766","11,098","13,340","10,063","15,868","17,720","12,910","7,800","9,872","9,832"
Burundi,77,150,53,0,39,121,89,302,4,102,12,91,16,37,49,7,17,150,5,40,7,7,7,5,7,7,5,5,10
Ecuador,724,250,552,100,230,100,200,380,160,100,85,55,35,32,20,47,16,8,6,8,12,10,2,2,3,3,3,3,3
Indonesia,"1,319",798,"2,427","1,562","1,644","1,386",167,129,709,708,793,490,150,822,572,286,150,30,56,668,725,873,450,650,600,450,500,500,400
Madagascar,544,450,403,455,16,16,2,17,40,42,9,84,29,63,42,12,20,8,0,111,56,30,30,10,10,10,10,10,10
Malawi,20,19,19,25,10,5,13,2,3,3,9,3,3,1,1,1,3,2,0,0,0,0,0,0,0,0,0,0,0
Papua New Guinea,199,146,95,49,38,40,40,45,38,48,105,94,81,88,89,73,86,80,76,38,25,10,5,5,5,5,5,5,5
Paraguay,188,135,115,105,100,67,55,45,40,36,33,30,28,24,18,14,16,6,0,0,0,0,0,0,0,0,0,0,0
Peru,318,61,100,500,120,160,0,78,98,88,157,214,205,147,133,33,30,16,201,0,37,24,93,82,60,50,40,40,40
Rwanda,134,9,10,6,1,0,11,15,2,2,1,0,0,11,9,0,60,17,17,28,19,13,13,10,10,10,10,10,10
Timor-Leste,0,0,0,0,0,0,0,0,0,0,0,0,0,0,0,0,0,0,0,0,0,0,0,0,0,0,0,0,0
Zimbabwe,160,118,98,53,0,0,10,0,0,10,10,10,10,10,10,10,10,5,0,0,0,0,0,0,0,0,0,0,0
Congo,12,11,11,11,11,0,0,0,0,0,0,0,0,0,0,0,0,0,0,0,0,0,0,0,0,0,0,0,0
Cuba,266,289,219,192,151,116,84,147,140,116,126,130,103,60,30,15,18,22,12,12,8,8,0,0,0,0,0,0,0
Dominican Republic,560,640,300,196,193,198,180,34,245,254,338,355,312,276,209,281,120,45,52,206,125,58,61,58,45,35,27,25,30
Haiti,47,30,30,30,30,27,39,25,22,19,16,13,13,10,10,8,0,0,0,0,0,0,0,0,0,0,0,0,0
Philippines,"1,223","1,344","1,554","1,102","1,108","1,107","1,117","1,148","1,193","1,057",930,882,814,698,554,314,150,50,0,0,0,0,0,0,0,0,0,0,0
Tanzania,450,408,387,200,39,87,35,15,16,13,82,60,12,1,4,4,7,18,13,36,16,20,35,52,39,37,47,25,25
Zambia,1,0,1,0,0,0,0,0,0,0,0,0,0,0,0,0,0,0,0,0,0,0,0,0,0,0,0,0,0
Benin,0,0,0,0,0,0,0,0,0,0,0,0,0,0,0,0,0,0,0,0,0,0,0,0,0,0,0,0,0
Cameroon,"1,344","1,086",991,241,198,120,175,131,133,120,118,11,11,11,11,11,33,40,9,125,137,26,47,22,20,30,35,30,10
Central African Republic,55,59,64,14,8,8,9,6,4,5,37,43,8,58,29,13,13,5,8,3,19,0,0,6,1,0,0,0,0
Colombia,"3,721","4,669","5,914","5,029","2,428","4,674","5,468","3,728","3,611","2,875","2,055","1,855","1,913","1,895","1,556","1,216","1,523","1,539","1,354",731,999,993,"1,054","1,266","1,379",964,"1,196",927,978
Costa Rica,343,120,229,190,100,309,297,79,163,141,267,200,191,183,189,180,140,100,120,51,62,59,125,145,125,75,71,107,118
CÃ´te d'Ivoire,"4,796","3,352","3,574",655,183,887,469,"1,373",438,115,552,811,702,787,847,741,716,"1,229",584,"1,178",820,381,637,575,"1,153","1,237",665,200,150
Democratic Republic of Congo,116,17,21,6,81,101,85,87,98,94,18,29,88,31,9,0,0,0,0,49,32,5,4,4,3,3,3,3,3
El Salvador,245,512,354,135,200,603,663,129,227,279,233,126,186,151,128,129,111,54,15,16,18,72,80,73,19,11,10,22,15
Equatorial Guinea,2,4,2,2,0,0,0,0,0,0,0,0,0,0,0,0,0,0,0,0,0,0,0,0,0,0,0,0,0
Ethiopia,"2,800","3,660","4,652","3,986","4,219","4,185","4,018","3,935","3,178","2,533","2,400","2,083","2,067","1,650","1,317","1,432",900,933,"1,200","1,233","2,050",417,"1,000",667,500,578,500,575,625
Gabon,2,2,1,0,1,1,1,1,1,1,2,0,0,0,0,0,0,0,0,1,1,1,0,0,0,0,0,0,0
Ghana,4,10,43,20,21,15,36,37,44,10,18,21,15,10,8,5,5,3,0,5,8,5,3,2,2,2,2,2,2
Guatemala,77,245,153,153,240,153,132,132,161,161,80,306,345,150,153,100,127,30,8,2,71,27,16,12,10,15,15,15,5
Guinea,45,10,10,8,12,12,12,6,6,22,56,56,59,59,29,29,8,4,1,95,82,60,15,10,10,10,10,10,20
Guyana,0,0,0,0,0,0,0,0,0,0,0,0,0,0,0,0,0,0,0,0,0,0,0,0,0,0,0,0,0
Honduras,101,54,318,100,38,329,23,34,138,109,69,36,255,113,87,37,82,98,98,160,95,164,232,233,293,186,467,264,234
India,842,"1,257","1,316","1,405","1,198","1,295",917,"1,020",605,695,340,680,"1,017",993,856,"1,279","1,304","1,471","1,553","1,889","1,802","1,240",852,"1,217",826,"1,008",655,652,500
Jamaica,0,0,8,1,9,14,15,24,30,23,21,17,9,13,14,6,11,20,7,5,5,0,0,0,0,0,0,0,0
Kenya,766,552,617,471,289,577,296,103,129,156,412,130,278,295,98,125,115,100,75,25,98,34,14,20,25,20,20,30,33
Lao People's Democratic Republic,0,0,0,0,0,0,0,0,0,0,0,0,0,0,0,0,0,0,0,13,6,0,0,0,0,0,0,0,0
Liberia,0,0,0,0,0,0,0,0,0,0,0,0,0,0,0,0,0,0,0,0,0,0,0,0,0,0,0,0,0
Mexico,974,748,985,201,884,899,524,208,195,10,193,354,399,688,966,"1,426","1,418",725,120,332,479,255,400,400,800,800,630,550,800
Nepal,0,0,0,0,0,0,0,0,0,0,0,0,0,0,0,0,0,0,0,0,0,0,0,0,0,0,0,0,1
Nicaragua,56,63,40,5,11,41,16,12,17,8,108,82,97,134,219,144,16,87,204,63,83,21,348,77,150,64,107,125,100
Nigeria,0,0,0,0,0,0,0,0,0,0,0,0,0,0,0,0,0,0,0,8,0,0,0,0,0,0,0,0,0
Panama,18,40,61,41,22,50,31,47,42,20,42,75,90,79,79,21,21,15,5,22,29,20,10,10,8,4,4,3,5
Sierra Leone,127,74,45,32,0,0,0,0,0,0,7,17,17,17,17,10,10,2,0,15,3,3,2,2,2,2,2,2,7
Sri Lanka,10,6,1,19,5,5,4,1,19,8,7,6,5,4,3,2,1,0,0,0,0,0,0,0,0,0,0,0,0
Thailand,71,207,273,253,173,80,87,54,172,238,116,124,79,112,90,132,73,11,11,2,8,8,10,5,17,8,8,8,10
Togo,59,39,154,25,25,1,1,0,43,52,34,34,31,19,9,23,35,20,9,3,1,0,9,10,47,6,14,5,10
Trinidad & Tobago,5,0,4,4,0,0,0,0,1,0,0,0,0,0,0,0,0,0,0,0,0,0,0,0,0,0,0,0,0
Uganda,"3,100","2,900","2,900","3,000","3,000","2,520","1,470",572,878,500,326,510,374,314,258,242,265,280,380,476,512,425,603,718,630,690,790,907,900
Venezuela,142,350,363,249,250,250,300,319,145,70,188,428,328,228,128,28,30,15,7,0,0,0,0,0,0,0,0,0,0
Viet Nam,181,195,85,0,0,158,167,200,250,283,667,500,"1,167",667,900,580,500,833,526,640,"2,716","3,750","2,750","3,200","3,500","5,000","5,000","4,600","4,000"
Yemen,0,0,0,0,0,0,0,0,0,0,0,0,0,0,0,0,0,0,0,43,5,0,0,0,0,0,0,0,0